"","m0_true","K_true","theta_true","depth","area","sim_1","sim_2","sim_3","sim_4","sim_5","sim_6","sim_7","sim_8","sim_9","sim_10","sim_11","sim_12","sim_13","sim_14","sim_15","sim_16","sim_17","sim_18","sim_19","sim_20","sim_21","sim_22","sim_23","sim_24","sim_25","sim_26","sim_27","sim_28","sim_29","sim_30","sim_31","sim_32","sim_33","sim_34","sim_35","sim_36","sim_37","sim_38","sim_39","sim_40","sim_41","sim_42","sim_43","sim_44","sim_45","sim_46","sim_47","sim_48","sim_49","sim_50","sim_51","sim_52","sim_53","sim_54","sim_55","sim_56","sim_57","sim_58","sim_59","sim_60","sim_61","sim_62","sim_63","sim_64","sim_65","sim_66","sim_67","sim_68","sim_69","sim_70","sim_71","sim_72","sim_73","sim_74","sim_75","sim_76","sim_77","sim_78","sim_79","sim_80","sim_81","sim_82","sim_83","sim_84","sim_85","sim_86","sim_87","sim_88","sim_89","sim_90","sim_91","sim_92","sim_93","sim_94","sim_95","sim_96","sim_97","sim_98","sim_99","sim_100","species","st_error","analytics"
"1",0.1,50,50.004900490049,1,50,50,50,50,50,50,50,50,50,50,50,50,50,50,50,50,50,50,50,50,50,50,50,50,50,50,50,50,50,50,50,50,50,50,50,50,50,50,50,50,50,50,50,50,50,50,50,50,50,50,50,50,50,50,50,50,50,50,50,50,50,50,50,50,50,50,50,50,50,50,50,50,50,50,50,50,50,50,50,50,50,50,50,50,50,50,50,50,50,50,50,50,50,50,50,50,50,50,50,50,50,50,0,50
"2",0.1,50,50.004900490049,1,200,70,63,68,61,69,69,71,69,69,63,74,64,61,64,65,63,65,66,67,59,63,64,73,62,67,64,67,61,64,71,65,70,65,63,67,67,64,64,63,65,66,66,71,67,61,65,62,59,66,64,67,64,66,65,62,67,76,65,64,66,63,60,63,61,68,63,61,59,67,62,62,66,68,70,66,72,62,65,63,67,66,74,64,66,63,63,67,68,67,61,65,60,63,68,60,67,65,65,66,66,65.3,0.341565025531987,66.85
"3",0.1,50,50.004900490049,1,450,80,82,84,86,90,84,96,96,90,87,83,85,91,85,92,91,92,93,89,87,90,82,84,91,86,76,93,86,95,91,85,86,84,89,92,87,87,76,86,87,87,89,82,91,82,88,90,92,80,78,80,94,92,85,83,83,90,92,92,76,91,79,83,90,85,88,90,87,91,89,85,78,86,88,87,89,87,87,92,84,82,90,92,89,82,81,87,87,93,88,73,93,82,94,85,83,86,90,79,91,86.85,0.481448781588373,89.18
"4",0.1,50,50.004900490049,1,800,121,101,113,102,124,97,97,114,118,118,114,105,102,115,114,105,110,102,125,97,107,98,111,111,108,111,106,100,111,117,99,108,95,101,96,102,114,112,111,98,114,115,114,111,101,108,90,101,103,126,98,115,93,107,99,100,111,110,112,104,117,110,110,106,110,114,109,102,114,104,124,117,111,120,103,115,108,111,113,114,108,115,119,117,111,103,103,102,100,112,103,123,100,110,114,108,109,99,109,121,108.6,0.770805691560081,110.29
"5",0.1,50,50.004900490049,1,1250,138,131,122,130,132,135,128,139,127,129,132,127,146,138,130,144,128,134,128,132,125,115,127,134,117,129,134,124,118,126,125,141,121,122,129,127,142,119,133,125,122,140,139,125,118,129,109,124,128,141,114,135,136,118,112,126,142,144,125,120,135,127,134,128,125,117,122,124,138,129,135,132,131,140,128,132,140,127,137,132,134,126,120,129,135,134,123,137,118,137,118,118,135,136,133,125,133,136,121,131,129.22,0.777015788355382,128.81
"6",0.1,50,50.004900490049,1,1800,143,152,132,142,162,141,148,157,164,143,145,136,161,162,142,159,142,145,159,163,140,129,147,139,145,140,148,141,133,143,147,151,147,140,132,134,156,149,137,140,141,156,145,147,128,142,116,134,130,156,141,151,137,134,142,133,160,148,155,133,147,141,148,138,135,135,136,139,153,163,146,151,134,148,141,142,149,136,146,152,133,142,157,148,131,133,134,149,152,145,146,147,150,145,155,134,148,152,135,152,144.33,0.926605077526003,144.91
"7",0.1,50,50.004900490049,1,2450,172,157,155,157,173,152,168,181,164,167,158,159,170,180,160,166,156,159,172,166,158,146,162,156,165,161,168,160,152,156,161,175,147,152,149,152,163,154,151,145,154,166,174,158,157,157,143,143,154,174,138,164,158,134,146,158,163,166,174,145,155,143,165,145,166,161,164,149,166,169,180,177,177,179,156,160,153,149,172,159,154,151,163,172,155,156,146,162,158,156,157,155,164,164,164,156,175,171,151,169,159.95,0.990905615784843,159.02
"8",0.1,50,50.004900490049,1,3200,171,177,162,166,182,163,174,190,174,180,189,171,171,192,168,179,169,166,187,181,172,167,175,165,168,160,174,161,162,168,172,174,167,164,160,154,171,167,175,166,160,171,185,179,156,165,155,155,169,188,149,186,187,161,148,175,176,177,178,158,165,169,176,166,172,164,162,168,167,169,183,176,169,182,168,179,175,166,180,178,166,164,188,186,168,167,170,182,169,172,175,179,185,180,181,171,173,178,153,184,171.57,0.941978897016405,171.51
"9",0.1,50,50.004900490049,1,4050,184,187,179,177,194,169,172,206,192,196,187,180,189,215,177,186,185,183,207,204,171,172,171,181,178,177,190,175,169,199,187,193,171,179,171,179,201,172,186,171,175,193,203,193,177,189,154,173,170,198,163,198,192,168,177,179,196,207,201,174,184,180,193,189,188,184,170,174,186,182,193,189,178,206,189,189,191,170,194,193,172,185,198,208,181,171,172,202,183,187,172,194,195,188,186,187,188,184,178,199,184.94,1.16122714610385,182.7
"10",0.1,50,50.004900490049,1,5000,189,186,185,192,216,188,185,207,209,205,198,198,205,221,191,201,200,198,216,207,184,175,191,194,185,199,193,186,191,197,202,202,183,179,178,179,194,189,202,183,187,218,214,200,191,194,178,175,187,209,158,200,197,179,194,194,214,210,204,172,186,192,195,196,198,188,179,189,210,210,210,210,187,210,190,196,208,196,219,208,186,191,204,195,187,178,194,202,192,199,186,201,206,194,196,188,196,197,177,210,195.14,1.17068744373086,192.81
"11",0.1,50,50.004900490049,1,6050,199,219,186,186,221,192,200,218,202,219,207,194,212,226,198,206,204,210,227,208,189,182,201,204,208,209,217,186,184,199,204,213,194,187,205,188,221,193,199,189,197,213,211,200,189,194,182,187,188,219,175,217,220,177,189,202,221,225,222,190,202,206,200,195,207,192,189,192,204,216,221,224,199,222,193,210,215,196,229,205,194,200,227,208,203,200,201,222,206,203,191,201,213,207,215,193,210,196,182,215,203.28,1.28386096984798,202.03
"12",0.1,50,50.004900490049,1,7200,206,217,208,202,220,197,199,236,222,232,218,214,233,229,209,217,204,205,233,219,199,193,201,216,205,204,223,211,197,208,228,219,198,205,188,195,225,191,205,210,202,233,225,221,195,211,178,189,203,233,181,220,211,188,195,216,225,234,222,191,204,212,223,223,210,211,209,225,222,221,232,233,206,237,208,216,217,213,235,199,211,213,230,227,206,203,202,235,213,215,203,215,223,206,206,211,226,218,191,222,212.46,1.34835627579088,210.49
"13",0.1,50,50.004900490049,1,8450,223,233,205,212,227,206,213,236,226,236,213,209,233,238,215,220,219,224,246,230,213,200,207,229,217,219,230,224,195,225,228,234,214,208,219,216,237,202,218,209,220,236,229,220,200,222,203,207,208,245,186,225,220,196,213,225,240,238,237,208,220,208,230,210,216,219,211,213,236,224,255,226,204,245,210,227,238,211,239,228,207,207,243,234,208,214,219,248,217,223,214,228,230,214,229,211,211,218,201,231,220.63,1.32082427585079,218.3
"14",0.1,50,50.004900490049,1,9800,221,232,206,221,223,207,219,253,235,238,220,219,229,254,234,237,215,220,246,239,223,201,230,240,230,225,223,221,206,229,232,245,212,211,220,217,242,207,228,212,208,240,245,234,220,225,198,215,216,245,189,229,229,193,222,225,252,247,242,214,227,231,242,235,234,220,215,215,229,229,256,237,227,240,240,215,221,216,256,232,206,227,239,244,212,210,221,246,234,232,209,221,240,235,226,212,225,224,212,259,226.61,1.43173942384003,225.56
"15",0.1,50,50.004900490049,1,11250,231,249,222,223,247,216,240,268,256,252,236,227,236,253,222,242,227,220,261,240,241,211,231,244,230,233,229,230,210,243,237,239,211,222,219,224,247,216,234,232,218,248,249,238,224,232,213,220,222,257,200,232,230,204,225,230,250,253,243,214,239,227,238,237,237,228,233,230,238,255,255,237,222,256,232,231,230,232,261,243,222,218,253,252,217,234,229,249,240,238,227,242,243,240,248,231,232,227,216,252,234.24,1.35893006041183,232.34
"16",0.1,50,50.004900490049,1,12800,232,250,232,228,261,221,237,275,261,267,231,231,251,274,230,239,226,239,274,267,246,220,239,250,246,239,239,233,218,245,244,253,216,224,228,236,250,226,239,228,217,264,259,247,221,237,218,227,242,269,206,248,246,204,228,236,247,270,259,207,235,235,249,233,238,228,228,226,244,243,255,248,230,255,238,244,256,236,260,243,225,237,261,245,234,229,231,254,239,233,234,236,248,232,246,243,234,241,209,264,239.96,1.53858914777681,238.7
"17",0.1,50,50.004900490049,1,14450,241,252,229,241,256,228,240,283,256,257,255,235,253,272,243,236,246,246,268,246,242,222,247,250,254,230,246,234,218,251,255,256,226,229,230,229,256,231,240,240,228,272,256,243,241,247,229,227,242,262,205,250,257,223,236,249,265,259,256,222,243,240,258,252,249,233,232,238,253,261,280,265,239,270,252,240,259,240,274,258,231,252,253,264,243,248,252,256,252,251,241,242,256,241,257,239,245,244,224,263,246.28,1.40677150262794,244.68
"18",0.1,50,50.004900490049,1,16200,242,257,242,242,265,242,240,282,268,269,252,237,264,272,244,256,239,237,288,254,246,234,241,244,258,253,256,246,240,259,267,258,232,232,241,241,257,230,252,248,245,271,265,250,231,254,234,247,241,276,216,255,259,228,240,255,272,276,264,238,250,259,257,257,252,230,239,251,257,259,285,264,245,279,250,254,252,240,267,253,230,243,272,266,249,241,243,272,248,258,254,269,259,262,257,259,248,242,226,264,252.06,1.3980375856568,250.33
"19",0.1,50,50.004900490049,1,18050,247,252,247,249,274,240,256,304,285,262,254,248,259,282,245,268,242,250,281,265,257,241,252,260,253,259,268,260,242,269,263,256,234,241,248,252,271,245,251,252,237,274,277,264,241,251,240,245,249,284,226,268,272,230,250,265,273,280,271,240,255,263,270,260,250,255,254,255,268,273,287,276,243,279,260,255,274,248,285,271,239,246,285,269,252,245,251,271,259,261,249,257,279,262,285,255,251,250,227,278,258.73,1.49894609440747,255.68
"20",0.1,50,50.004900490049,1,20000,250,259,256,251,283,247,259,301,280,291,251,258,286,289,255,276,259,260,288,269,261,244,262,254,257,251,265,259,235,273,265,268,233,249,251,261,277,239,254,263,235,267,284,252,254,259,236,255,260,289,226,270,266,237,251,260,286,286,272,247,254,265,264,267,258,261,241,258,265,278,285,274,250,281,263,259,272,249,295,274,232,248,293,266,256,262,256,279,273,261,257,263,280,276,282,266,259,248,246,280,262.77,1.54859695377865,260.76
